sku_id,warehouse_id,records,total_units_sold,avg_units_sold,avg_inventory_level,avg_reorder_point,avg_inventory_buffer,avg_lead_time,avg_forecast_error,avg_absolute_forecast_error,promotion_rate,reorder_risk_rate,risk_segment
SKU_18,WH_5,365,7533,20.638356164383563,541.4054794520548,394.0,147.4054794520548,13.0,-0.31989041095890414,2.449205479452055,0.0958904109589041,0.06575342465753424,Highest risk
SKU_12,WH_2,365,7351,20.13972602739726,517.1753424657534,370.0,147.17534246575343,6.0,-0.11263013698630145,2.4616164383561645,0.0958904109589041,0.06301369863013699,Highest risk
SKU_14,WH_2,365,7413,20.30958904109589,419.36986301369865,268.0,151.36986301369862,14.0,-0.1321643835616439,2.2756164383561646,0.12602739726027398,0.06301369863013699,Highest risk
SKU_20,WH_1,365,7508,20.56986301369863,453.1698630136986,295.0,158.16986301369863,9.0,-0.05049315068493156,2.410328767123288,0.10684931506849316,0.06301369863013699,Highest risk
SKU_22,WH_5,365,7280,19.945205479452056,470.64383561643837,326.0,144.64383561643837,4.0,-0.18956164383561652,2.514054794520548,0.13150684931506848,0.06301369863013699,Highest risk
SKU_38,WH_3,365,7443,20.39178082191781,494.65479452054797,344.0,150.65479452054794,8.0,0.03808219178082195,2.335178082191781,0.1095890410958904,0.06301369863013699,Highest risk
SKU_7,WH_4,365,7377,20.21095890410959,406.76164383561644,253.0,153.76164383561644,4.0,0.027917808219178157,2.3944931506849314,0.07671232876712329,0.06301369863013699,Highest risk
SKU_8,WH_4,365,7423,20.336986301369862,546.3068493150685,395.0,151.3068493150685,7.0,0.06849315068493149,2.2883287671232875,0.1178082191780822,0.06301369863013699,Highest risk
SKU_14,WH_4,365,7185,19.684931506849313,496.06575342465754,343.0,153.06575342465754,10.0,0.03926027397260282,2.3394246575342463,0.10136986301369863,0.06027397260273973,Highest risk
SKU_17,WH_5,365,7381,20.221917808219178,475.25479452054793,321.0,154.25479452054793,8.0,0.1081095890410959,2.4222465753424656,0.06575342465753424,0.06027397260273973,Highest risk
SKU_20,WH_3,365,7274,19.92876712328767,472.44657534246574,319.0,153.44657534246576,3.0,-0.21279452054794518,2.397123287671233,0.136986301369863,0.06027397260273973,Highest risk
SKU_21,WH_5,365,7371,20.194520547945206,459.1315068493151,309.0,150.13150684931506,8.0,-0.23005479452054803,2.283041095890411,0.12054794520547946,0.06027397260273973,Highest risk
SKU_30,WH_1,365,7406,20.29041095890411,498.7178082191781,336.0,162.7178082191781,3.0,-0.2946849315068493,2.29172602739726,0.10136986301369863,0.06027397260273973,Highest risk
SKU_29,WH_4,365,7248,19.85753424657534,493.7671232876712,334.0,159.76712328767124,14.0,0.006986301369862952,2.3862739726027398,0.07671232876712329,0.06027397260273973,Highest risk
SKU_18,WH_4,365,7556,20.7013698630137,416.75616438356167,250.0,166.75616438356164,6.0,-0.1725479452054794,2.4454794520547947,0.11506849315068493,0.06027397260273973,Highest risk
SKU_19,WH_5,365,7255,19.876712328767123,441.4219178082192,281.0,160.42191780821918,7.0,0.04295890410958897,2.3486027397260276,0.10410958904109589,0.06027397260273973,Highest risk
SKU_4,WH_3,365,7337,20.101369863013698,442.52876712328765,279.0,163.52876712328768,7.0,-0.172082191780822,2.471808219178082,0.07671232876712329,0.06027397260273973,Highest risk
SKU_39,WH_3,365,7346,20.126027397260273,409.6684931506849,252.0,157.66849315068492,4.0,0.039616438356164456,2.326684931506849,0.08767123287671233,0.06027397260273973,Highest risk
SKU_33,WH_4,365,7563,20.720547945205478,434.5232876712329,274.0,160.52328767123288,3.0,0.09361643835616451,2.439808219178082,0.11506849315068493,0.06027397260273973,Highest risk
SKU_37,WH_4,365,7402,20.279452054794522,493.3315068493151,320.0,173.33150684931508,13.0,-0.21271232876712337,2.400109589041096,0.12602739726027398,0.06027397260273973,Highest risk
SKU_37,WH_1,365,7304,20.01095890410959,505.65205479452055,342.0,163.65205479452055,3.0,0.0862191780821917,2.3447945205479455,0.12054794520547946,0.06027397260273973,Highest risk
SKU_36,WH_2,365,7323,20.063013698630137,524.0520547945206,360.0,164.05205479452056,10.0,-0.0063561643835616174,2.364876712328767,0.08767123287671233,0.06027397260273973,Highest risk
SKU_32,WH_2,365,7396,20.263013698630136,420.92602739726027,256.0,164.92602739726027,2.0,-0.16950684931506846,2.139150684931507,0.11232876712328767,0.06027397260273973,Highest risk
SKU_14,WH_5,365,7423,20.336986301369862,423.5123287671233,259.0,164.51232876712328,6.0,-0.21671232876712324,2.3145205479452056,0.12876712328767123,0.06027397260273973,Highest risk
SKU_15,WH_5,365,7333,20.09041095890411,430.5780821917808,279.0,151.57808219178082,14.0,-0.14252054794520558,2.3299726027397263,0.09041095890410959,0.06027397260273973,Highest risk
SKU_2,WH_2,365,7251,19.865753424657534,530.6876712328767,377.0,153.6876712328767,8.0,-0.1685753424657535,2.3834794520547944,0.11232876712328767,0.06027397260273973,Highest risk
SKU_35,WH_5,365,7374,20.202739726027396,436.82465753424657,277.0,159.82465753424657,2.0,-0.09578082191780822,2.339013698630137,0.0958904109589041,0.06027397260273973,Highest risk
SKU_37,WH_5,365,7325,20.068493150684933,404.57260273972605,249.0,155.57260273972602,3.0,-0.25232876712328767,2.2570410958904112,0.08493150684931507,0.06027397260273973,Highest risk
SKU_46,WH_2,365,7352,20.14246575342466,452.5452054794521,288.0,164.54520547945205,7.0,-0.09205479452054788,2.3158356164383562,0.10684931506849316,0.06027397260273973,Highest risk
SKU_45,WH_1,365,7403,20.28219178082192,412.16712328767125,256.0,156.16712328767125,8.0,-0.25591780821917803,2.417397260273973,0.1232876712328767,0.06027397260273973,Highest risk
SKU_48,WH_3,365,7391,20.24931506849315,514.2301369863013,351.0,163.23013698630137,11.0,-0.041287671232876744,2.419260273972603,0.09041095890410959,0.06027397260273973,Highest risk
SKU_42,WH_2,365,7292,19.97808219178082,491.22739726027396,336.0,155.22739726027396,5.0,0.08799999999999994,2.4309589041095894,0.08767123287671233,0.06027397260273973,Highest risk
SKU_49,WH_1,365,7431,20.35890410958904,378.9808219178082,220.0,158.9808219178082,6.0,0.1397534246575342,2.2224383561643832,0.0958904109589041,0.06027397260273973,Highest risk
SKU_48,WH_5,365,7334,20.09315068493151,430.1698630136986,275.0,155.16986301369863,11.0,-0.006630136986301364,2.284986301369863,0.08493150684931507,0.06027397260273973,Highest risk
SKU_5,WH_4,365,7286,19.96164383561644,494.53972602739725,334.0,160.53972602739725,14.0,-0.0023561643835616057,2.4363835616438356,0.0958904109589041,0.06027397260273973,Highest risk
SKU_30,WH_3,365,7363,20.172602739726027,469.6849315068493,297.0,172.68493150684932,4.0,-0.06808219178082188,2.228958904109589,0.11506849315068493,0.057534246575342465,Upper-mid risk
SKU_26,WH_2,365,7332,20.087671232876712,437.5342465753425,273.0,164.53424657534248,5.0,-0.4039178082191781,2.3253972602739728,0.09863013698630137,0.057534246575342465,Upper-mid risk
SKU_28,WH_1,365,7404,20.284931506849315,382.57260273972605,208.0,174.57260273972602,10.0,-0.15413698630136988,2.4096986301369863,0.08767123287671233,0.057534246575342465,Upper-mid risk
SKU_3,WH_2,365,7375,20.205479452054796,447.6027397260274,270.0,177.6027397260274,13.0,-0.3328493150684931,2.489780821917808,0.08767123287671233,0.057534246575342465,Upper-mid risk
SKU_3,WH_5,365,7318,20.04931506849315,421.06301369863013,253.0,168.06301369863013,7.0,-0.011260273972602656,2.1177260273972602,0.13150684931506848,0.057534246575342465,Upper-mid risk
SKU_2,WH_4,365,7335,20.095890410958905,449.85479452054796,290.0,159.85479452054796,6.0,-0.032794520547945114,2.3996438356164385,0.07671232876712329,0.057534246575342465,Upper-mid risk
SKU_23,WH_1,365,7251,19.865753424657534,394.9068493150685,239.0,155.90684931506848,8.0,0.12517808219178078,2.356684931506849,0.0958904109589041,0.057534246575342465,Upper-mid risk
SKU_20,WH_2,365,7401,20.276712328767122,506.3232876712329,336.0,170.3232876712329,9.0,0.05717808219178081,2.259917808219178,0.09315068493150686,0.057534246575342465,Upper-mid risk
SKU_21,WH_3,365,7377,20.21095890410959,457.3041095890411,283.0,174.3041095890411,10.0,0.2746849315068493,2.427013698630137,0.12602739726027398,0.057534246575342465,Upper-mid risk
SKU_23,WH_2,365,7261,19.893150684931506,476.84383561643835,312.0,164.84383561643835,12.0,-0.01095890410958906,2.568986301369863,0.09315068493150686,0.057534246575342465,Upper-mid risk
SKU_23,WH_5,365,7459,20.435616438356163,543.3150684931506,383.0,160.31506849315068,3.0,-0.028410958904109558,2.5057260273972606,0.0958904109589041,0.057534246575342465,Upper-mid risk
SKU_24,WH_4,365,7236,19.824657534246576,461.8794520547945,301.0,160.8794520547945,13.0,-0.02320547945205473,2.5026575342465756,0.07397260273972603,0.057534246575342465,Upper-mid risk
SKU_25,WH_5,365,7433,20.364383561643837,472.2849315068493,311.0,161.28493150684932,7.0,-0.056082191780821945,2.3224383561643838,0.10684931506849316,0.057534246575342465,Upper-mid risk
SKU_13,WH_2,365,7489,20.517808219178082,519.8191780821918,350.0,169.81917808219177,11.0,-0.37161643835616426,2.398027397260274,0.07671232876712329,0.057534246575342465,Upper-mid risk
SKU_1,WH_4,365,7449,20.40821917808219,494.76438356164385,333.0,161.76438356164383,9.0,-0.1612602739726028,2.369972602739726,0.1178082191780822,0.057534246575342465,Upper-mid risk
SKU_10,WH_2,365,7220,19.78082191780822,470.3917808219178,310.0,160.39178082191782,10.0,-0.10035616438356157,2.5905479452054796,0.11232876712328767,0.057534246575342465,Upper-mid risk
SKU_13,WH_5,365,7330,20.08219178082192,471.241095890411,305.0,166.24109589041095,7.0,-0.07690410958904115,2.331808219178082,0.10136986301369863,0.057534246575342465,Upper-mid risk
SKU_14,WH_3,365,7387,20.23835616438356,451.6958904109589,283.0,168.6958904109589,3.0,0.1663013698630137,2.3,0.1095890410958904,0.057534246575342465,Upper-mid risk
SKU_17,WH_2,365,7248,19.85753424657534,534.0602739726028,372.0,162.06027397260274,13.0,-0.13830136986301378,2.23386301369863,0.11232876712328767,0.057534246575342465,Upper-mid risk
SKU_17,WH_4,365,7271,19.92054794520548,495.92328767123286,341.0,154.92328767123288,5.0,0.26695890410958906,2.6831232876712328,0.1232876712328767,0.057534246575342465,Upper-mid risk
SKU_19,WH_3,365,7275,19.931506849315067,474.13424657534244,295.0,179.13424657534247,4.0,-0.12498630136986306,2.4764383561643837,0.12054794520547946,0.057534246575342465,Upper-mid risk
SKU_17,WH_3,365,7361,20.167123287671235,499.55342465753426,339.0,160.55342465753424,3.0,-0.07202739726027395,2.325890410958904,0.10410958904109589,0.057534246575342465,Upper-mid risk
SKU_1,WH_1,365,7472,20.471232876712328,555.5479452054794,379.0,176.54794520547946,14.0,0.0030136986301370363,2.3487671232876712,0.10684931506849316,0.057534246575342465,Upper-mid risk
SKU_36,WH_5,365,7259,19.887671232876713,434.3068493150685,270.0,164.3068493150685,12.0,-0.0006575342465753698,2.5595068493150688,0.08767123287671233,0.057534246575342465,Upper-mid risk
SKU_35,WH_3,365,7288,19.96712328767123,424.9890410958904,277.0,147.9890410958904,7.0,-0.06813698630136986,2.498712328767123,0.10684931506849316,0.057534246575342465,Upper-mid risk
SKU_39,WH_1,365,7423,20.336986301369862,555.5534246575343,390.0,165.55342465753424,10.0,0.26723287671232887,2.242191780821918,0.09863013698630137,0.057534246575342465,Upper-mid risk
SKU_4,WH_2,365,7406,20.29041095890411,485.44657534246574,317.0,168.44657534246576,13.0,0.07668493150684923,2.2535616438356167,0.09041095890410959,0.057534246575342465,Upper-mid risk
SKU_39,WH_4,365,7127,19.526027397260275,507.84657534246577,345.0,162.84657534246574,11.0,-0.2756164383561644,2.400219178082192,0.07945205479452055,0.057534246575342465,Upper-mid risk
SKU_41,WH_1,365,7268,19.912328767123288,535.0054794520548,370.0,165.0054794520548,12.0,-0.18326027397260275,2.4659452054794517,0.1095890410958904,0.057534246575342465,Upper-mid risk
SKU_41,WH_3,365,7416,20.317808219178083,398.81369863013697,222.0,176.813698630137,13.0,0.11169863013698623,2.354821917808219,0.09041095890410959,0.057534246575342465,Upper-mid risk
SKU_42,WH_3,365,7363,20.172602739726027,534.1671232876712,367.0,167.16712328767125,12.0,0.07654794520547942,2.374958904109589,0.07671232876712329,0.057534246575342465,Upper-mid risk
SKU_47,WH_2,365,7352,20.14246575342466,537.772602739726,370.0,167.77260273972604,11.0,0.02515068493150688,2.4388493150684933,0.10136986301369863,0.057534246575342465,Upper-mid risk
SKU_49,WH_2,365,7342,20.115068493150684,534.4876712328767,373.0,161.48767123287672,6.0,0.061205479452054797,2.486958904109589,0.10684931506849316,0.057534246575342465,Upper-mid risk
SKU_6,WH_3,365,7160,19.616438356164384,477.0876712328767,322.0,155.08767123287672,10.0,-0.07920547945205483,2.3085753424657534,0.10410958904109589,0.057534246575342465,Upper-mid risk
SKU_6,WH_2,365,7279,19.942465753424656,387.2,217.0,170.2,14.0,-0.17512328767123284,2.415068493150685,0.11232876712328767,0.057534246575342465,Upper-mid risk
SKU_5,WH_3,365,7322,20.06027397260274,455.2931506849315,297.0,158.2931506849315,11.0,-0.03684931506849317,2.35586301369863,0.09863013698630137,0.057534246575342465,Upper-mid risk
SKU_3,WH_4,365,7384,20.23013698630137,519.917808219178,355.0,164.91780821917808,10.0,-0.11791780821917817,2.5705753424657534,0.1178082191780822,0.057534246575342465,Upper-mid risk
SKU_28,WH_5,365,7307,20.019178082191782,519.8054794520548,360.0,159.80547945205478,12.0,0.09342465753424656,2.508054794520548,0.09863013698630137,0.057534246575342465,Upper-mid risk
SKU_30,WH_4,365,7165,19.63013698630137,405.172602739726,252.0,153.17260273972602,7.0,0.25619178082191785,2.4959726027397258,0.1095890410958904,0.057534246575342465,Upper-mid risk
SKU_22,WH_3,365,7506,20.564383561643837,378.4164383561644,211.0,167.41643835616438,4.0,0.10556164383561648,2.466219178082192,0.10684931506849316,0.057534246575342465,Upper-mid risk
SKU_20,WH_4,365,7313,20.035616438356165,496.0794520547945,327.0,169.07945205479453,2.0,0.060630136986301396,2.232739726027397,0.08767123287671233,0.057534246575342465,Upper-mid risk
SKU_1,WH_5,365,7445,20.397260273972602,546.9123287671233,366.0,180.91232876712328,4.0,-0.07005479452054797,2.5575616438356166,0.09863013698630137,0.057534246575342465,Upper-mid risk
SKU_10,WH_1,365,7307,20.019178082191782,527.3835616438356,361.0,166.3835616438356,13.0,-0.05586301369863016,2.3827123287671235,0.10136986301369863,0.057534246575342465,Upper-mid risk
SKU_10,WH_5,365,7397,20.265753424657536,408.73424657534247,246.0,162.73424657534247,9.0,-0.056547945205479413,2.430082191780822,0.09315068493150686,0.057534246575342465,Upper-mid risk
SKU_1,WH_3,365,7361,20.167123287671235,483.6849315068493,314.0,169.68493150684932,6.0,0.060630136986301354,2.357835616438356,0.08767123287671233,0.057534246575342465,Upper-mid risk
SKU_6,WH_5,365,7307,20.019178082191782,488.1232876712329,326.0,162.12328767123287,3.0,0.13501369863013699,2.288109589041096,0.1095890410958904,0.057534246575342465,Upper-mid risk
SKU_9,WH_3,365,7396,20.263013698630136,465.8191780821918,307.0,158.81917808219177,14.0,0.04745205479452051,2.3166027397260276,0.11506849315068493,0.057534246575342465,Upper-mid risk
SKU_50,WH_4,365,7298,19.994520547945207,375.2301369863014,218.0,157.23013698630137,14.0,0.032493150684931575,2.222082191780822,0.07123287671232877,0.057534246575342465,Upper-mid risk
SKU_50,WH_1,365,7244,19.846575342465755,418.8,245.0,173.8,10.0,-0.011561643835616494,2.2798356164383566,0.09315068493150686,0.057534246575342465,Upper-mid risk
SKU_9,WH_4,365,7391,20.24931506849315,485.8493150684931,323.0,162.84931506849315,3.0,0.1975616438356164,2.2123013698630136,0.09315068493150686,0.057534246575342465,Upper-mid risk
SKU_7,WH_5,365,7150,19.589041095890412,392.02465753424656,233.0,159.0246575342466,8.0,0.08964383561643831,2.4225753424657532,0.11232876712328767,0.057534246575342465,Upper-mid risk
SKU_9,WH_2,365,7355,20.15068493150685,544.158904109589,384.0,160.15890410958903,12.0,-0.025178082191780898,2.3493424657534248,0.1178082191780822,0.057534246575342465,Upper-mid risk
SKU_46,WH_3,365,7396,20.263013698630136,417.84657534246577,253.0,164.84657534246574,11.0,-0.041041095890411036,2.3997808219178083,0.10410958904109589,0.057534246575342465,Upper-mid risk
SKU_44,WH_5,365,7350,20.136986301369863,410.33698630136985,246.0,164.33698630136988,4.0,-0.006054794520547913,2.3496712328767124,0.1232876712328767,0.057534246575342465,Upper-mid risk
SKU_45,WH_4,365,7191,19.7013698630137,417.1616438356164,244.0,173.16164383561645,3.0,-0.11454794520547947,2.331917808219178,0.0821917808219178,0.057534246575342465,Upper-mid risk
SKU_11,WH_5,365,7224,19.791780821917808,518.9260273972603,349.0,169.92602739726027,3.0,-0.17852054794520555,2.178794520547945,0.12054794520547946,0.057534246575342465,Upper-mid risk
SKU_22,WH_4,365,7255,19.876712328767123,535.1041095890411,374.0,161.1041095890411,11.0,-0.1256164383561644,2.397945205479452,0.11232876712328767,0.057534246575342465,Upper-mid risk
SKU_24,WH_3,365,7159,19.613698630136987,383.34520547945203,209.0,174.34520547945206,10.0,-0.01353424657534246,2.4518904109589044,0.07671232876712329,0.057534246575342465,Upper-mid risk
SKU_3,WH_3,365,7354,20.147945205479452,425.8821917808219,249.0,176.88219178082193,9.0,-0.15961643835616435,2.259397260273973,0.11232876712328767,0.0547945205479452,Lower-mid risk
SKU_27,WH_5,365,7357,20.156164383561645,522.0876712328767,353.0,169.08767123287672,2.0,-0.047589041095890385,2.2897260273972604,0.08767123287671233,0.0547945205479452,Lower-mid risk
SKU_28,WH_3,365,7211,19.756164383561643,414.88493150684934,243.0,171.8849315068493,10.0,-0.008493150684931467,2.402849315068493,0.11506849315068493,0.0547945205479452,Lower-mid risk
SKU_3,WH_1,365,7354,20.147945205479452,403.58082191780824,240.0,163.5808219178082,14.0,-0.05265753424657538,2.4097534246575343,0.09315068493150686,0.0547945205479452,Lower-mid risk
SKU_26,WH_1,365,7344,20.12054794520548,509.93424657534246,335.0,174.93424657534246,2.0,-0.1269589041095891,2.2350684931506852,0.08493150684931507,0.0547945205479452,Lower-mid risk
SKU_29,WH_5,365,7270,19.91780821917808,392.627397260274,218.0,174.62739726027397,11.0,0.16320547945205474,2.3316986301369864,0.09863013698630137,0.0547945205479452,Lower-mid risk
SKU_22,WH_1,365,7267,19.90958904109589,457.03287671232874,282.0,175.03287671232877,4.0,0.007671232876712453,2.2934246575342465,0.11232876712328767,0.0547945205479452,Lower-mid risk
SKU_25,WH_4,365,7323,20.063013698630137,455.76438356164385,273.0,182.76438356164383,9.0,0.1462191780821918,2.421890410958904,0.10684931506849316,0.0547945205479452,Lower-mid risk
SKU_25,WH_2,365,7162,19.621917808219177,520.2821917808219,352.0,168.2821917808219,3.0,-0.014273972602739802,2.3566301369863014,0.09863013698630137,0.0547945205479452,Lower-mid risk
SKU_21,WH_4,365,7355,20.15068493150685,554.9616438356164,379.0,175.96164383561643,8.0,-0.06676712328767119,2.519643835616438,0.12054794520547946,0.0547945205479452,Lower-mid risk
SKU_20,WH_5,365,7239,19.832876712328765,424.28767123287673,246.0,178.2876712328767,2.0,-0.22142465753424664,2.3679452054794523,0.1095890410958904,0.0547945205479452,Lower-mid risk
SKU_25,WH_1,365,7333,20.09041095890411,486.28767123287673,314.0,172.2876712328767,5.0,-0.11347945205479452,2.3725479452054796,0.09863013698630137,0.0547945205479452,Lower-mid risk
SKU_23,WH_4,365,7226,19.797260273972604,409.91506849315067,236.0,173.9150684931507,14.0,-0.04241095890410959,2.4816438356164388,0.08767123287671233,0.0547945205479452,Lower-mid risk
SKU_15,WH_4,365,7458,20.432876712328767,406.041095890411,224.0,182.04109589041096,5.0,-0.1547945205479452,2.369095890410959,0.10136986301369863,0.0547945205479452,Lower-mid risk
SKU_16,WH_4,365,7276,19.934246575342467,535.2602739726027,367.0,168.26027397260273,4.0,-0.15605479452054788,2.1990136986301367,0.0958904109589041,0.0547945205479452,Lower-mid risk
SKU_10,WH_3,365,7279,19.942465753424656,385.25479452054793,218.0,167.25479452054793,5.0,-0.010054794520547937,2.2313698630136987,0.11232876712328767,0.0547945205479452,Lower-mid risk
SKU_15,WH_1,365,7264,19.9013698630137,495.7013698630137,327.0,168.7013698630137,13.0,-0.4029041095890411,2.3665205479452056,0.09041095890410959,0.0547945205479452,Lower-mid risk
SKU_11,WH_3,365,7287,19.964383561643835,505.1808219178082,342.0,163.18082191780823,13.0,-0.21167123287671227,2.357698630136986,0.10136986301369863,0.0547945205479452,Lower-mid risk
SKU_13,WH_3,365,7241,19.838356164383562,553.7232876712329,382.0,171.72328767123287,14.0,0.18884931506849312,2.288191780821918,0.08493150684931507,0.0547945205479452,Lower-mid risk
SKU_26,WH_3,365,7222,19.786301369863015,399.7287671232877,222.0,177.72876712328767,14.0,-0.13095890410958902,2.397205479452055,0.1095890410958904,0.0547945205479452,Lower-mid risk
SKU_26,WH_4,365,7322,20.06027397260274,505.3808219178082,331.0,174.38082191780822,14.0,0.02479452054794527,2.346712328767123,0.14520547945205478,0.0547945205479452,Lower-mid risk
SKU_29,WH_2,365,7474,20.476712328767125,514.9424657534247,346.0,168.94246575342467,14.0,0.014164383561643852,2.441890410958904,0.11232876712328767,0.0547945205479452,Lower-mid risk
SKU_19,WH_1,365,7350,20.136986301369863,458.3424657534247,287.0,171.34246575342465,8.0,0.19945205479452058,2.237095890410959,0.11506849315068493,0.0547945205479452,Lower-mid risk
SKU_19,WH_2,365,7268,19.912328767123288,485.0904109589041,316.0,169.0904109589041,8.0,0.03652054794520541,2.4394794520547944,0.1178082191780822,0.0547945205479452,Lower-mid risk
SKU_16,WH_5,365,7277,19.936986301369863,557.331506849315,394.0,163.33150684931508,2.0,-0.1503835616438355,2.3261095890410957,0.08767123287671233,0.0547945205479452,Lower-mid risk
SKU_16,WH_2,365,7222,19.786301369863015,496.4986301369863,327.0,169.4986301369863,11.0,0.015506849315068554,2.417150684931507,0.09041095890410959,0.0547945205479452,Lower-mid risk
SKU_16,WH_3,365,7374,20.202739726027396,504.0301369863014,336.0,168.03013698630136,6.0,-0.11956164383561647,2.296164383561644,0.11232876712328767,0.0547945205479452,Lower-mid risk
SKU_18,WH_1,365,7405,20.28767123287671,516.758904109589,346.0,170.75890410958905,2.0,-0.026465753424657613,2.3526027397260276,0.09863013698630137,0.0547945205479452,Lower-mid risk
SKU_12,WH_5,365,7259,19.887671232876713,512.7424657534247,349.0,163.74246575342465,6.0,0.017397260273972603,2.23027397260274,0.10684931506849316,0.0547945205479452,Lower-mid risk
SKU_8,WH_3,365,7247,19.854794520547944,376.6794520547945,207.0,169.67945205479452,4.0,-0.1936712328767124,2.2533972602739727,0.10410958904109589,0.0547945205479452,Lower-mid risk
SKU_9,WH_1,365,7340,20.10958904109589,423.04383561643834,254.0,169.04383561643834,11.0,0.07142465753424655,2.237780821917808,0.1095890410958904,0.0547945205479452,Lower-mid risk
SKU_7,WH_3,365,7261,19.893150684931506,528.0794520547945,358.0,170.07945205479453,3.0,0.07758904109589047,2.3647671232876712,0.10684931506849316,0.0547945205479452,Lower-mid risk
SKU_8,WH_1,365,7449,20.40821917808219,485.3013698630137,305.0,180.3013698630137,13.0,0.16465753424657545,2.5037808219178084,0.0958904109589041,0.0547945205479452,Lower-mid risk
SKU_9,WH_5,365,7373,20.2,518.5780821917808,345.0,173.57808219178082,13.0,-0.027178082191780778,2.3837260273972602,0.09041095890410959,0.0547945205479452,Lower-mid risk
SKU_5,WH_2,365,7285,19.958904109589042,422.4739726027397,260.0,162.47397260273974,2.0,0.057178082191780735,2.5816712328767126,0.08767123287671233,0.0547945205479452,Lower-mid risk
SKU_50,WH_2,365,7452,20.416438356164385,401.43013698630136,230.0,171.43013698630136,3.0,-0.008356164383561616,2.2823287671232877,0.1095890410958904,0.0547945205479452,Lower-mid risk
SKU_7,WH_1,365,7401,20.276712328767122,563.7068493150684,386.0,177.7068493150685,3.0,-0.07271232876712326,2.423123287671233,0.14246575342465753,0.0547945205479452,Lower-mid risk
SKU_46,WH_1,365,7134,19.545205479452054,546.8821917808219,381.0,165.88219178082193,10.0,-0.30936986301369857,2.3511780821917805,0.11232876712328767,0.0547945205479452,Lower-mid risk
SKU_46,WH_4,365,7280,19.945205479452056,471.73972602739724,299.0,172.73972602739727,12.0,-0.14493150684931505,2.4296438356164387,0.08767123287671233,0.0547945205479452,Lower-mid risk
SKU_44,WH_2,365,7393,20.254794520547946,509.972602739726,335.0,174.97260273972603,2.0,0.062191780821917765,2.4455342465753427,0.10410958904109589,0.0547945205479452,Lower-mid risk
SKU_44,WH_4,365,7301,20.002739726027396,410.96438356164384,242.0,168.96438356164384,12.0,0.1723561643835616,2.503753424657534,0.09315068493150686,0.0547945205479452,Lower-mid risk
SKU_5,WH_1,365,7323,20.063013698630137,511.52054794520546,338.0,173.5205479452055,4.0,0.243972602739726,2.3435342465753424,0.07945205479452055,0.0547945205479452,Lower-mid risk
SKU_50,WH_5,365,7228,19.802739726027397,443.386301369863,283.0,160.38630136986302,7.0,-0.5464383561643836,2.608630136986301,0.11506849315068493,0.0547945205479452,Lower-mid risk
SKU_49,WH_5,365,7122,19.512328767123286,415.1315068493151,254.0,161.13150684931506,4.0,-0.029041095890410856,2.429917808219178,0.09315068493150686,0.0547945205479452,Lower-mid risk
SKU_44,WH_1,365,7440,20.383561643835616,434.93424657534246,252.0,182.93424657534246,7.0,-0.047479452054794535,2.4585479452054795,0.10410958904109589,0.0547945205479452,Lower-mid risk
SKU_49,WH_3,365,7332,20.087671232876712,374.5342465753425,201.0,173.53424657534248,12.0,-0.14471232876712334,2.543835616438356,0.11506849315068493,0.0547945205479452,Lower-mid risk
SKU_47,WH_4,365,7339,20.106849315068494,512.1917808219179,345.0,167.1917808219178,5.0,-0.02712328767123285,2.5092054794520546,0.09315068493150686,0.0547945205479452,Lower-mid risk
SKU_45,WH_5,365,7270,19.91780821917808,393.7945205479452,220.0,173.7945205479452,3.0,0.25501369863013706,2.3024657534246575,0.10684931506849316,0.0547945205479452,Lower-mid risk
SKU_45,WH_3,365,7110,19.47945205479452,556.3945205479451,393.0,163.3945205479452,9.0,0.0032602739726026436,2.433342465753425,0.07671232876712329,0.0547945205479452,Lower-mid risk
SKU_43,WH_3,365,7333,20.09041095890411,544.5369863013699,378.0,166.53698630136986,7.0,-0.10276712328767122,2.483643835616438,0.10684931506849316,0.0547945205479452,Lower-mid risk
SKU_43,WH_4,365,7405,20.28767123287671,496.94246575342464,320.0,176.94246575342467,7.0,-0.059287671232876774,2.2994520547945205,0.10684931506849316,0.0547945205479452,Lower-mid risk
SKU_43,WH_5,365,7371,20.194520547945206,415.6931506849315,249.0,166.6931506849315,14.0,0.058465753424657464,2.4085479452054797,0.07945205479452055,0.0547945205479452,Lower-mid risk
SKU_4,WH_4,365,7331,20.084931506849315,404.71232876712327,233.0,171.7123287671233,12.0,0.14005479452054792,2.3953424657534246,0.0821917808219178,0.0547945205479452,Lower-mid risk
SKU_34,WH_2,365,7298,19.994520547945207,411.96438356164384,248.0,163.96438356164384,5.0,-0.10216438356164381,2.3315890410958904,0.10410958904109589,0.0547945205479452,Lower-mid risk
SKU_34,WH_1,365,7129,19.53150684931507,468.86301369863014,299.0,169.86301369863014,4.0,0.007945205479452084,2.4397808219178083,0.09315068493150686,0.0547945205479452,Lower-mid risk
SKU_32,WH_1,365,7343,20.117808219178084,470.9808219178082,291.0,179.9808219178082,6.0,-0.015452054794520467,2.3847671232876713,0.0958904109589041,0.0547945205479452,Lower-mid risk
SKU_31,WH_3,365,7428,20.350684931506848,548.6520547945205,374.0,174.65205479452055,12.0,-0.47498630136986303,2.464246575342466,0.10410958904109589,0.0547945205479452,Lower-mid risk
SKU_32,WH_5,365,7309,20.024657534246575,538.9808219178083,366.0,172.9808219178082,9.0,0.05054794520547945,2.3635890410958904,0.09315068493150686,0.0547945205479452,Lower-mid risk
SKU_32,WH_3,365,7458,20.432876712328767,393.0383561643836,223.0,170.03835616438357,6.0,-0.07621917808219181,2.5413150684931507,0.12054794520547946,0.0547945205479452,Lower-mid risk
SKU_33,WH_1,365,7377,20.21095890410959,492.172602739726,321.0,171.17260273972602,9.0,0.03775342465753424,2.4683835616438357,0.0958904109589041,0.0547945205479452,Lower-mid risk
SKU_31,WH_4,365,7362,20.16986301369863,430.56164383561645,257.0,173.56164383561645,3.0,0.21912328767123285,2.312657534246575,0.10136986301369863,0.0547945205479452,Lower-mid risk
SKU_43,WH_1,365,7325,20.068493150684933,495.92602739726027,331.0,164.92602739726027,12.0,-0.32413698630136994,2.332082191780822,0.08493150684931507,0.0547945205479452,Lower-mid risk
SKU_42,WH_1,365,7402,20.279452054794522,378.11506849315066,204.0,174.1150684931507,9.0,-0.15356164383561635,2.486219178082192,0.1178082191780822,0.0547945205479452,Lower-mid risk
SKU_40,WH_1,365,7295,19.986301369863014,433.93150684931504,260.0,173.93150684931507,2.0,0.03731506849315071,2.4532054794520546,0.08493150684931507,0.0547945205479452,Lower-mid risk
SKU_36,WH_3,365,7299,19.997260273972604,422.74520547945207,254.0,168.74520547945207,12.0,0.4276438356164384,2.33986301369863,0.10410958904109589,0.0547945205479452,Lower-mid risk
SKU_40,WH_5,365,7277,19.936986301369863,513.3424657534247,344.0,169.34246575342465,8.0,-0.0981917808219178,2.423232876712329,0.07397260273972603,0.0547945205479452,Lower-mid risk
SKU_37,WH_3,365,7431,20.35890410958904,390.2219178082192,216.0,174.2219178082192,3.0,-0.001150684931506882,2.3552876712328765,0.09315068493150686,0.0547945205479452,Lower-mid risk
SKU_35,WH_2,365,7249,19.86027397260274,535.8465753424657,356.0,179.84657534246574,12.0,0.0533424657534246,2.2923561643835617,0.08767123287671233,0.0547945205479452,Lower-mid risk
SKU_38,WH_2,365,7353,20.145205479452056,511.06849315068496,340.0,171.06849315068493,14.0,-0.12838356164383566,2.359671232876712,0.07671232876712329,0.0547945205479452,Lower-mid risk
SKU_10,WH_4,365,7376,20.208219178082192,504.12602739726026,328.0,176.1260273972603,14.0,0.07676712328767132,2.441972602739726,0.12602739726027398,0.0547945205479452,Lower-mid risk
SKU_12,WH_1,365,7406,20.29041095890411,461.0301369863014,299.0,162.03013698630136,5.0,0.016136986301369796,2.3480821917808217,0.13150684931506848,0.0547945205479452,Lower-mid risk
SKU_46,WH_5,365,7108,19.473972602739725,442.958904109589,287.0,155.95890410958904,2.0,0.1765205479452055,2.3555342465753424,0.1095890410958904,0.0547945205479452,Lower-mid risk
SKU_40,WH_2,365,7339,20.106849315068494,470.44931506849315,291.0,179.44931506849315,14.0,-0.08635616438356161,2.2985205479452055,0.09041095890410959,0.0547945205479452,Lower-mid risk
SKU_42,WH_4,365,7349,20.134246575342466,550.9616438356164,381.0,169.96164383561643,10.0,0.020657534246575338,2.2844383561643835,0.11232876712328767,0.0547945205479452,Lower-mid risk
SKU_39,WH_5,365,7314,20.03835616438356,494.73150684931505,321.0,173.73150684931508,4.0,0.24109589041095883,2.30372602739726,0.1095890410958904,0.0547945205479452,Lower-mid risk
SKU_4,WH_5,365,7343,20.117808219178084,533.4054794520548,363.0,170.4054794520548,8.0,-0.07071232876712327,2.466219178082192,0.0821917808219178,0.0547945205479452,Lower-mid risk
SKU_13,WH_4,365,7391,20.24931506849315,443.85479452054796,251.0,192.85479452054796,10.0,-0.048410958904109604,2.4246849315068495,0.11232876712328767,0.052054794520547946,Lowest risk
SKU_17,WH_1,365,7188,19.693150684931506,448.3917808219178,268.0,180.39178082191782,10.0,-0.07336986301369859,2.4536986301369863,0.08767123287671233,0.052054794520547946,Lowest risk
SKU_16,WH_1,365,7347,20.12876712328767,511.0931506849315,328.0,183.09315068493152,14.0,-0.03293150684931503,2.3168219178082192,0.10410958904109589,0.052054794520547946,Lowest risk
SKU_13,WH_1,365,7464,20.44931506849315,440.6027397260274,246.0,194.6027397260274,9.0,0.20161643835616425,2.3416712328767124,0.10410958904109589,0.052054794520547946,Lowest risk
SKU_14,WH_1,365,7177,19.663013698630138,438.15890410958906,265.0,173.15890410958903,11.0,0.008657534246575312,2.357917808219178,0.09315068493150686,0.052054794520547946,Lowest risk
SKU_11,WH_2,365,7288,19.96712328767123,426.7972602739726,230.0,196.7972602739726,4.0,-0.07443835616438357,2.3095616438356164,0.10136986301369863,0.052054794520547946,Lowest risk
SKU_11,WH_4,365,7275,19.931506849315067,565.2794520547945,382.0,183.27945205479452,2.0,0.30049315068493154,2.3867397260273973,0.07397260273972603,0.052054794520547946,Lowest risk
SKU_1,WH_2,365,7299,19.997260273972604,492.4986301369863,322.0,170.4986301369863,8.0,0.21342465753424655,2.2575342465753425,0.09315068493150686,0.052054794520547946,Lowest risk
SKU_15,WH_3,365,7130,19.534246575342465,444.627397260274,265.0,179.62739726027397,7.0,0.19347945205479442,2.4037808219178087,0.07671232876712329,0.052054794520547946,Lowest risk
SKU_18,WH_2,365,7404,20.284931506849315,449.6465753424658,270.0,179.64657534246575,10.0,0.3806301369863013,2.4306027397260275,0.13972602739726028,0.052054794520547946,Lowest risk
SKU_19,WH_4,365,7107,19.471232876712328,529.0109589041095,352.0,177.0109589041096,4.0,-0.06887671232876705,2.193041095890411,0.09863013698630137,0.052054794520547946,Lowest risk
SKU_15,WH_2,365,7212,19.75890410958904,559.3260273972603,386.0,173.32602739726028,8.0,0.21232876712328774,2.440109589041096,0.09315068493150686,0.052054794520547946,Lowest risk
SKU_18,WH_3,365,7336,20.0986301369863,393.93150684931504,213.0,180.93150684931507,9.0,0.2813698630136986,2.332602739726027,0.10410958904109589,0.052054794520547946,Lowest risk
SKU_2,WH_3,365,7282,19.95068493150685,504.64109589041095,319.0,185.64109589041095,10.0,0.15873972602739728,2.4546301369863017,0.1095890410958904,0.052054794520547946,Lowest risk
SKU_24,WH_1,365,7377,20.21095890410959,453.3342465753425,288.0,165.33424657534246,2.0,-0.3304109589041096,2.391068493150685,0.10684931506849316,0.052054794520547946,Lowest risk
SKU_30,WH_5,365,7248,19.85753424657534,396.83287671232875,224.0,172.83287671232875,2.0,-0.05005479452054799,2.4315890410958905,0.09041095890410959,0.052054794520547946,Lowest risk
SKU_30,WH_2,365,7375,20.205479452054796,419.08493150684933,231.0,188.0849315068493,12.0,-0.09120547945205482,2.408849315068493,0.13972602739726028,0.052054794520547946,Lowest risk
SKU_5,WH_5,365,7241,19.838356164383562,402.93424657534246,234.0,168.93424657534246,10.0,0.15871232876712327,2.3455068493150684,0.0958904109589041,0.052054794520547946,Lowest risk
SKU_6,WH_4,365,7263,19.898630136986302,401.4109589041096,220.0,181.41095890410958,11.0,0.10416438356164387,2.352931506849315,0.10684931506849316,0.052054794520547946,Lowest risk
SKU_48,WH_1,365,7267,19.90958904109589,492.7917808219178,325.0,167.7917808219178,2.0,0.03150684931506848,2.360383561643836,0.08767123287671233,0.052054794520547946,Lowest risk
SKU_48,WH_2,365,7335,20.095890410958905,433.7013698630137,252.0,181.7013698630137,8.0,-0.28180821917808213,2.5073424657534247,0.1095890410958904,0.052054794520547946,Lowest risk
SKU_40,WH_4,365,7311,20.03013698630137,446.94246575342464,255.0,191.94246575342467,5.0,0.12002739726027398,2.4606301369863015,0.08493150684931507,0.052054794520547946,Lowest risk
SKU_40,WH_3,365,7221,19.783561643835615,498.5068493150685,326.0,172.5068493150685,7.0,-0.32857534246575343,2.275972602739726,0.1232876712328767,0.052054794520547946,Lowest risk
SKU_42,WH_5,365,7231,19.81095890410959,472.21643835616436,292.0,180.2164383561644,6.0,0.13197260273972602,2.3115342465753423,0.12054794520547946,0.052054794520547946,Lowest risk
SKU_41,WH_4,365,7295,19.986301369863014,560.6712328767123,384.0,176.67123287671234,13.0,0.0348767123287671,2.4274246575342464,0.10684931506849316,0.052054794520547946,Lowest risk
SKU_28,WH_4,365,7255,19.876712328767123,509.986301369863,333.0,176.986301369863,3.0,-0.1667671232876712,2.383095890410959,0.10136986301369863,0.052054794520547946,Lowest risk
SKU_28,WH_2,365,7304,20.01095890410959,578.2191780821918,392.0,186.21917808219177,2.0,0.22997260273972606,2.3924931506849316,0.10410958904109589,0.052054794520547946,Lowest risk
SKU_27,WH_3,365,7400,20.273972602739725,476.4164383561644,296.0,180.41643835616438,3.0,0.07528767123287677,2.382575342465753,0.09315068493150686,0.052054794520547946,Lowest risk
SKU_27,WH_1,365,7203,19.734246575342464,563.1835616438356,389.0,174.18356164383562,2.0,0.06427397260273972,2.3578082191780823,0.0821917808219178,0.052054794520547946,Lowest risk
SKU_29,WH_1,365,7505,20.561643835616437,412.41917808219176,218.0,194.4191780821918,5.0,0.05000000000000011,2.420849315068493,0.08767123287671233,0.052054794520547946,Lowest risk
SKU_31,WH_1,365,7425,20.34246575342466,444.0191780821918,259.0,185.0191780821918,8.0,-0.23367123287671235,2.2265479452054797,0.10410958904109589,0.052054794520547946,Lowest risk
SKU_29,WH_3,365,7240,19.835616438356166,453.5123287671233,273.0,180.51232876712328,3.0,0.00041095890410970193,2.545068493150685,0.13424657534246576,0.052054794520547946,Lowest risk
SKU_31,WH_2,365,7283,19.953424657534246,485.5835616438356,305.0,180.58356164383562,2.0,-0.16164383561643839,2.4195616438356162,0.10136986301369863,0.052054794520547946,Lowest risk
SKU_24,WH_5,365,7302,20.005479452054793,492.34794520547945,313.0,179.34794520547945,7.0,0.13673972602739728,2.3327945205479454,0.10410958904109589,0.052054794520547946,Lowest risk
SKU_22,WH_2,365,7338,20.104109589041094,445.6465753424658,261.0,184.64657534246575,7.0,-0.13761643835616433,2.406876712328767,0.10684931506849316,0.052054794520547946,Lowest risk
SKU_2,WH_5,365,7312,20.03287671232877,454.8767123287671,267.0,187.87671232876713,14.0,-0.18956164383561647,2.356958904109589,0.11232876712328767,0.052054794520547946,Lowest risk
SKU_23,WH_3,365,7501,20.55068493150685,472.5780821917808,293.0,179.57808219178082,5.0,-0.09627397260273983,2.3373698630136985,0.0821917808219178,0.052054794520547946,Lowest risk
SKU_25,WH_3,365,7339,20.106849315068494,404.56986301369864,232.0,172.56986301369864,7.0,0.02778082191780824,2.504,0.09041095890410959,0.052054794520547946,Lowest risk
SKU_21,WH_1,365,7181,19.673972602739727,417.54794520547944,245.0,172.54794520547946,11.0,-0.04227397260273972,2.2964657534246578,0.0958904109589041,0.052054794520547946,Lowest risk
SKU_12,WH_3,365,7334,20.09315068493151,412.56986301369864,234.0,178.56986301369864,6.0,0.08797260273972604,2.351808219178082,0.08493150684931507,0.052054794520547946,Lowest risk
SKU_33,WH_5,365,7406,20.29041095890411,424.53698630136984,244.0,180.53698630136986,7.0,-0.1835068493150684,2.5204383561643837,0.10684931506849316,0.052054794520547946,Lowest risk
SKU_36,WH_4,365,7466,20.454794520547946,496.36986301369865,318.0,178.36986301369862,11.0,0.05594520547945206,2.278849315068493,0.1232876712328767,0.052054794520547946,Lowest risk
SKU_34,WH_4,365,7525,20.616438356164384,430.2849315068493,245.0,185.28493150684932,2.0,0.03969863013698631,2.4106027397260275,0.12054794520547946,0.052054794520547946,Lowest risk
SKU_34,WH_5,365,7364,20.175342465753424,481.5890410958904,306.0,175.58904109589042,4.0,-0.14328767123287664,2.3594520547945206,0.12602739726027398,0.052054794520547946,Lowest risk
SKU_34,WH_3,365,7221,19.783561643835615,437.24931506849316,260.0,177.24931506849316,13.0,-0.24038356164383573,2.531123287671233,0.07945205479452055,0.052054794520547946,Lowest risk
SKU_32,WH_4,365,7141,19.564383561643837,505.8821917808219,329.0,176.88219178082193,2.0,-0.02336986301369868,2.412739726027397,0.0821917808219178,0.052054794520547946,Lowest risk
SKU_33,WH_3,365,7232,19.813698630136987,502.6027397260274,325.0,177.6027397260274,13.0,-0.02726027397260267,2.2297260273972603,0.10684931506849316,0.052054794520547946,Lowest risk
SKU_33,WH_2,365,7434,20.367123287671234,555.745205479452,368.0,187.74520547945207,7.0,0.02117808219178076,2.354493150684932,0.1095890410958904,0.052054794520547946,Lowest risk
SKU_41,WH_2,365,7439,20.38082191780822,579.5534246575343,398.0,181.55342465753424,14.0,0.11123287671232875,2.3654246575342466,0.11506849315068493,0.052054794520547946,Lowest risk
SKU_8,WH_2,365,7374,20.202739726027396,525.3671232876712,353.0,172.36712328767123,10.0,-0.1618904109589041,2.3033150684931507,0.1095890410958904,0.052054794520547946,Lowest risk
SKU_7,WH_2,365,7273,19.926027397260274,582.2191780821918,396.0,186.21917808219177,5.0,-0.06706849315068494,2.3793424657534246,0.10410958904109589,0.052054794520547946,Lowest risk
SKU_50,WH_3,365,7382,20.224657534246575,403.7068493150685,217.0,186.7068493150685,11.0,-0.04252054794520543,2.4555616438356163,0.0958904109589041,0.052054794520547946,Lowest risk
SKU_6,WH_1,365,7204,19.736986301369864,525.5616438356165,350.0,175.56164383561645,9.0,-0.21561643835616442,2.3568767123287673,0.07671232876712329,0.052054794520547946,Lowest risk
SKU_47,WH_3,365,7505,20.561643835616437,557.5534246575343,377.0,180.55342465753424,10.0,-0.042630136986301366,2.4744109589041097,0.12054794520547946,0.052054794520547946,Lowest risk
SKU_47,WH_1,365,7385,20.232876712328768,411.9616438356164,230.0,181.96164383561643,9.0,-0.050931506849315085,2.305068493150685,0.10410958904109589,0.052054794520547946,Lowest risk
SKU_44,WH_3,365,7199,19.723287671232878,386.5561643835616,201.0,185.55616438356165,13.0,-0.08898630136986305,2.4773698630136987,0.1095890410958904,0.052054794520547946,Lowest risk
SKU_47,WH_5,365,7331,20.084931506849315,553.8547945205479,365.0,188.85479452054796,8.0,0.1810958904109589,2.4952328767123286,0.0958904109589041,0.052054794520547946,Lowest risk
SKU_39,WH_2,365,7373,20.2,530.9013698630137,351.0,179.9013698630137,8.0,0.06676712328767123,2.3651780821917807,0.10136986301369863,0.052054794520547946,Lowest risk
SKU_4,WH_1,365,7394,20.257534246575343,486.77260273972604,298.0,188.77260273972604,11.0,0.018657534246575413,2.261780821917808,0.11506849315068493,0.052054794520547946,Lowest risk
SKU_38,WH_1,365,7464,20.44931506849315,395.6684931506849,208.0,187.66849315068492,8.0,0.06602739726027394,2.3958904109589043,0.10410958904109589,0.052054794520547946,Lowest risk
SKU_35,WH_1,365,7378,20.213698630136985,397.958904109589,212.0,185.95890410958904,11.0,-0.03457534246575343,2.4337534246575343,0.09863013698630137,0.052054794520547946,Lowest risk
SKU_37,WH_2,365,7268,19.912328767123288,531.5013698630137,355.0,176.5013698630137,14.0,0.0857534246575343,2.41786301369863,0.06575342465753424,0.052054794520547946,Lowest risk
SKU_36,WH_1,365,7247,19.854794520547944,450.18630136986303,270.0,180.186301369863,12.0,0.0711780821917809,2.5694246575342468,0.10410958904109589,0.052054794520547946,Lowest risk
SKU_41,WH_5,365,7114,19.49041095890411,545.8082191780821,366.0,179.8082191780822,4.0,-0.2783835616438356,2.453342465753425,0.07397260273972603,0.052054794520547946,Lowest risk
SKU_43,WH_2,365,7101,19.454794520547946,537.827397260274,354.0,183.82739726027398,12.0,-0.057424657534246575,2.4579726027397264,0.052054794520547946,0.052054794520547946,Lowest risk
SKU_8,WH_5,365,7209,19.75068493150685,422.386301369863,239.0,183.38630136986302,5.0,-0.17898630136986313,2.3330684931506847,0.10136986301369863,0.052054794520547946,Lowest risk
SKU_26,WH_5,365,7178,19.665753424657535,573.0657534246575,393.0,180.06575342465754,4.0,-0.028438356164383602,2.3857534246575343,0.1095890410958904,0.049315068493150684,Lowest risk
SKU_27,WH_4,365,7220,19.78082191780822,472.9397260273973,289.0,183.93972602739726,14.0,0.18684931506849312,2.320986301369863,0.10684931506849316,0.049315068493150684,Lowest risk
SKU_24,WH_2,365,7307,20.019178082191782,549.1041095890411,365.0,184.1041095890411,5.0,-0.2921095890410959,2.5352328767123287,0.0958904109589041,0.049315068493150684,Lowest risk
SKU_21,WH_2,365,7122,19.512328767123286,529.6767123287672,349.0,180.6767123287671,7.0,-0.0898082191780821,2.4387945205479453,0.1178082191780822,0.049315068493150684,Lowest risk
SKU_11,WH_1,365,7284,19.956164383561642,484.1397260273973,286.0,198.13972602739727,4.0,-0.06906849315068499,2.384904109589041,0.12602739726027398,0.049315068493150684,Lowest risk
SKU_12,WH_4,365,7444,20.394520547945206,428.2849315068493,227.0,201.28493150684932,12.0,0.013835616438356088,2.4494520547945204,0.10136986301369863,0.049315068493150684,Lowest risk
SKU_2,WH_1,365,7310,20.027397260273972,416.5150684931507,228.0,188.5150684931507,13.0,0.07739726027397259,2.270109589041096,0.10136986301369863,0.049315068493150684,Lowest risk
SKU_27,WH_2,365,7243,19.843835616438355,419.87397260273974,223.0,196.8739726027397,4.0,-0.10860273972602744,2.2022465753424654,0.12602739726027398,0.049315068493150684,Lowest risk
SKU_38,WH_5,365,7229,19.805479452054794,458.3013698630137,273.0,185.3013698630137,13.0,0.10038356164383558,2.2454794520547945,0.08493150684931507,0.049315068493150684,Lowest risk
SKU_31,WH_5,365,7244,19.846575342465755,417.3972602739726,224.0,193.3972602739726,4.0,-0.13950684931506852,2.3455342465753426,0.09041095890410959,0.049315068493150684,Lowest risk
SKU_35,WH_4,365,7152,19.594520547945205,390.74246575342465,207.0,183.74246575342465,2.0,0.011150684931506867,2.393945205479452,0.09041095890410959,0.049315068493150684,Lowest risk
SKU_38,WH_4,365,7250,19.863013698630137,527.1232876712329,349.0,178.12328767123287,13.0,-0.31841095890410964,2.425095890410959,0.09863013698630137,0.049315068493150684,Lowest risk
SKU_45,WH_2,365,7373,20.2,424.5643835616438,243.0,181.56438356164384,7.0,-0.07712328767123296,2.535972602739726,0.11232876712328767,0.049315068493150684,Lowest risk
SKU_48,WH_4,365,7270,19.91780821917808,549.1424657534246,360.0,189.14246575342466,12.0,-0.002931506849315074,2.3167397260273974,0.11232876712328767,0.049315068493150684,Lowest risk
SKU_49,WH_4,365,7252,19.86849315068493,535.2301369863013,347.0,188.23013698630137,14.0,0.1506575342465753,2.33986301369863,0.09863013698630137,0.049315068493150684,Lowest risk
